"year","month","revenue","orders","mom_growth_pct"
2017,1,111798,750,NULL
2017,2,234223,1653,109.5
2017,3,359199,2546,53.4
2017,4,340670,2303,-5.2
2017,5,489338,3546,43.6
2017,6,421923,3135,-13.8
2017,7,481605,3872,14.1
2017,8,554700,4193,15.2
2017,9,607400,4150,9.5
2017,10,648248,4478,6.7
2017,11,987765,7289,52.4
2017,12,726033,5513,-26.5
2018,1,924645,7069,27.4
2018,2,826437,6555,-10.6
2018,3,953356,7003,15.4
2018,4,973534,6798,2.1
2018,5,977545,6749,0.4
2018,6,856078,6099,-12.4
2018,7,867953,6159,1.4
2018,8,838577,6351,-3.4
